date,TOPIX,NASDAQ100,S&P500
2017-02-27,9896,,
2017-02-28,9905,,
2017-03-01,10020,,
2017-03-02,10094,,
2017-03-03,10052,,
2017-03-06,10031,,
2017-03-07,10032,,
2017-03-08,10001,,
2017-03-09,10029,,
2017-03-10,10154,,
2017-03-13,10176,,
2017-03-14,10160,,
2017-03-15,10136,,
2017-03-16,10145,,
2017-03-17,10101,,
2017-03-21,10085,,
2017-03-22,9871,,
2017-03-23,9872,,
2017-03-24,9960,,
2017-03-27,9833,,
2017-03-28,9965,,
2017-03-29,10036,,
2017-03-30,9942,,
2017-03-31,9844,,
2017-04-03,9875,,
2017-04-04,9792,,
2017-04-05,9793,,
2017-04-06,9634,,
2017-04-07,9697,,
2017-04-10,9760,,
2017-04-11,9730,,
2017-04-12,9629,,
2017-04-13,9556,,
2017-04-14,9496,,
2017-04-17,9539,,
2017-04-18,9577,,
2017-04-19,9576,,
2017-04-20,9586,,
2017-04-21,9688,,
2017-04-24,9784,,
2017-04-25,9888,,
2017-04-26,10006,,
2017-04-27,10002,,
2017-04-28,9970,,
2017-05-01,10023,,
2017-05-02,10092,,
2017-05-08,10323,,
2017-05-09,10297,,
2017-05-10,10320,,
2017-05-11,10332,,
2017-05-12,10293,,
2017-05-15,10290,,
2017-05-16,10317,,
2017-05-17,10262,,
2017-05-18,10126,,
2017-05-19,10157,,
2017-05-22,10209,,
2017-05-23,10194,,
2017-05-24,10258,,
2017-05-25,10279,,
2017-05-26,10221,,
2017-05-29,10226,,
2017-05-30,10242,,
2017-05-31,10214,,
2017-06-01,10329,,
2017-06-02,10499,,
2017-06-05,10484,,
2017-06-06,10396,,
2017-06-07,10400,,
2017-06-08,10357,,
2017-06-09,10365,,
2017-06-12,10364,,
2017-06-13,10377,,
2017-06-14,10366,,
2017-06-15,10341,,
2017-06-16,10393,,
2017-06-19,10458,,
2017-06-20,10531,,
2017-06-21,10494,,
2017-06-22,10486,,
2017-06-23,10492,,
2017-06-26,10498,,
2017-06-27,10542,,
2017-06-28,10524,,
2017-06-29,10587,,
2017-06-30,10507,,
2017-07-03,10524,,
2017-07-04,10492,,
2017-07-05,10551,,
2017-07-06,10531,,
2017-07-07,10475,,
2017-07-10,10530,,
2017-07-11,10606,,
2017-07-12,10555,,
2017-07-13,10553,,
2017-07-14,10595,,
2017-07-18,10563,,
2017-07-19,10571,,
2017-07-20,10644,,
2017-07-21,10624,,
2017-07-24,10569,,
2017-07-25,10540,,
2017-07-26,10565,,
2017-07-27,10604,,
2017-07-28,10568,,
2017-07-31,10549,,
2017-08-01,10614,,
2017-08-02,10652,,
2017-08-03,10648,,
2017-08-04,10632,,
2017-08-07,10684,,
2017-08-08,10658,,
2017-08-09,10544,,
2017-08-10,10540,,
2017-08-14,10421,,
2017-08-15,10533,,
2017-08-16,10531,,
2017-08-17,10524,,
2017-08-18,10410,,
2017-08-21,10396,,
2017-08-22,10402,,
2017-08-23,10428,,
2017-08-24,10376,,
2017-08-25,10407,,
2017-08-28,10427,,
2017-08-29,10415,,
2017-08-30,10479,,
2017-08-31,10543,,
2017-09-01,10557,,
2017-09-04,10452,,
2017-09-05,10369,,
2017-09-06,10377,,
2017-09-07,10417,,
2017-09-08,10387,,
2017-09-11,10509,,
2017-09-12,10608,,
2017-09-13,10672,,
2017-09-14,10638,,
2017-09-15,10683,,
2017-09-19,10871,,
2017-09-20,10871,,
2017-09-21,10876,,
2017-09-22,10850,,
2017-09-25,10903,,
2017-09-26,10903,,
2017-09-27,10933,,
2017-09-28,11009,,
2017-09-29,10999,,
2017-10-02,10992,,
2017-10-03,11063,,
2017-10-04,11063,,
2017-10-05,11050,,
2017-10-06,11081,,
2017-10-10,11132,,
2017-10-11,11143,,
2017-10-12,11165,,
2017-10-13,11221,,
2017-10-16,11290,,
2017-10-17,11317,,
2017-10-18,11325,,
2017-10-19,11362,,
2017-10-20,11365,,
2017-10-23,11461,,
2017-10-24,11537,,
2017-10-25,11502,,
2017-10-26,11518,,
2017-10-27,11631,,
2017-10-30,11629,,
2017-10-31,11597,,
2017-11-01,11734,,
2017-11-02,11782,,
2017-11-06,11773,,
2017-11-07,11909,,
2017-11-08,11937,,
2017-11-09,11908,,
2017-11-10,11823,,
2017-11-13,11712,,
2017-11-14,11683,,
2017-11-15,11453,,
2017-11-16,11570,,
2017-11-17,11583,,
2017-11-20,11556,,
2017-11-21,11632,,
2017-11-22,11671,,
2017-11-24,11693,,
2017-11-27,11668,,
2017-11-28,11637,,
2017-11-29,11730,,
2017-11-30,11769,,
2017-12-01,11798,,
2017-12-04,11734,,
2017-12-05,11762,,
2017-12-06,11594,,
2017-12-07,11731,,
2017-12-08,11845,,
2017-12-11,11908,,
2017-12-12,11920,,
2017-12-13,11892,,
2017-12-14,11873,,
2017-12-15,11777,,
2017-12-18,11938,,
2017-12-19,11919,,
2017-12-20,11959,,
2017-12-21,11968,,
2017-12-22,12011,,
2017-12-25,12029,,
2017-12-26,11997,,
2017-12-27,12030,,
2017-12-28,11959,,
2017-12-29,11949,,
2018-01-04,12253,,
2018-01-05,12361,,
2018-01-09,12420,,
2018-01-10,12439,,
2018-01-11,12412,,
2018-01-12,12334,,
2018-01-15,12384,,
2018-01-16,12452,,
2018-01-17,12429,,
2018-01-18,12338,,
2018-01-19,12422,,
2018-01-22,12437,,
2018-01-23,12562,,
2018-01-24,12498,,
2018-01-25,12388,,
2018-01-26,12354,,
2018-01-29,12362,,
2018-01-30,12214,,
2018-01-31,12074,,
2018-02-01,12295,,
2018-02-02,12254,,
2018-02-05,11988,,
2018-02-06,11460,,
2018-02-07,11503,,
2018-02-08,11607,,
2018-02-09,11384,,
2018-02-13,11284,,
2018-02-14,11192,,
2018-02-15,11301,,
2018-02-16,11421,,
2018-02-19,11669,,
2018-02-20,11585,,
2018-02-21,11580,,
2018-02-22,11478,,
2018-02-23,11573,,
2018-02-26,11669,,
2018-02-27,11771,,
2018-02-28,11626,,
2018-03-01,11441,,
2018-03-02,11232,,
2018-03-05,11143,,
2018-03-06,11284,,
2018-03-07,11203,,
2018-03-08,11242,,
2018-03-09,11279,,
2018-03-12,11448,,
2018-03-13,11512,,
2018-03-14,11461,,
2018-03-15,11463,,
2018-03-16,11417,,
2018-03-19,11308,,
2018-03-20,11283,,
2018-03-22,11356,,
2018-03-23,10946,,
2018-03-26,10987,,
2018-03-27,11288,,
2018-03-28,11277,,
2018-03-29,11306,,
2018-03-30,11387,,
2018-04-02,11338,,
2018-04-03,11304,,
2018-04-04,11320,,
2018-04-05,11442,,
2018-04-06,11407,,
2018-04-09,11451,,
2018-04-10,11491,,
2018-04-11,11446,,
2018-04-12,11402,,
2018-04-13,11474,,
2018-04-16,11518,,
2018-04-17,11477,,
2018-04-18,11608,,
2018-04-19,11611,,
2018-04-20,11617,,
2018-04-23,11615,,
2018-04-24,11741,,
2018-04-25,11728,,
2018-04-26,11757,,
2018-04-27,11792,,
2018-05-01,11773,,
2018-05-02,11755,,
2018-05-07,11766,,
2018-05-08,11810,,
2018-05-09,11764,,
2018-05-10,11797,,
2018-05-11,11913,,
2018-05-14,11987,,
2018-05-15,11982,,
2018-05-16,11952,,
2018-05-17,12004,,
2018-05-18,12050,,
2018-05-21,12040,,
2018-05-22,12012,,
2018-05-23,11931,,
2018-05-24,11787,,
2018-05-25,11760,,
2018-05-28,11753,,
2018-05-29,11695,,
2018-05-30,11525,,
2018-05-31,11599,,
2018-06-01,11612,,
2018-06-04,11780,,
2018-06-05,11782,,
2018-06-06,11800,,
2018-06-07,11875,,
2018-06-08,11825,,
2018-06-11,11861,,
2018-06-12,11900,,
2018-06-13,11951,,
2018-06-14,11841,,
2018-06-15,11875,,
2018-06-18,11758,,
2018-06-19,11576,,
2018-06-20,11634,,
2018-06-21,11620,,
2018-06-22,11582,,
2018-06-25,11473,,
2018-06-26,11491,,
2018-06-27,11507,,
2018-06-28,11477,,
2018-06-29,11503,,
2018-07-02,11266,,
2018-07-03,11249,,10038.0
2018-07-04,11253,,9936.0
2018-07-05,11139,,9942.0
2018-07-06,11241,,10057.0
2018-07-09,11376,,10121.0
2018-07-10,11404,,10265.0
2018-07-11,11310,,10288.0
2018-07-12,11361,,10330.0
2018-07-13,11497,,10475.0
2018-07-17,11597,,10445.0
2018-07-18,11637,,10541.0
2018-07-19,11626,,10540.0
2018-07-20,11596,,10486.0
2018-07-23,11554,,10322.0
2018-07-24,11608,,10371.0
2018-07-25,11652,,10423.0
2018-07-26,11734,,10462.0
2018-07-27,11801,,10469.0
2018-07-30,11749,,10398.0
2018-07-31,11650,,10330.0
2018-08-01,11760,,10458.0
2018-08-02,11643,,10437.0
2018-08-03,11579,,10497.0
2018-08-06,11515,,10493.0
2018-08-07,11602,,10539.0
2018-08-08,11593,,10581.0
2018-08-09,11563,,10526.0
2018-08-10,11430,,10515.0
2018-08-13,11188,,10409.0
2018-08-14,11370,,10388.0
2018-08-15,11284,,10514.0
2018-08-16,11211,,10361.0
2018-08-17,11281,,10473.0
2018-08-20,11244,,10477.0
2018-08-21,11200,,10439.0
2018-08-22,11286,,10490.0
2018-08-23,11285,,10540.0
2018-08-24,11358,,10592.0
2018-08-27,11489,,10627.0
2018-08-28,11507,,10712.0
2018-08-29,11562,,10715.0
2018-08-30,11560,,10828.0
2018-08-31,11534,,10714.0
2018-09-03,11434,,10709.0
2018-09-04,11421,,10718.0
2018-09-05,11332,,10743.0
2018-09-06,11248,,10688.0
2018-09-07,11195,,10580.0
2018-09-10,11216,,10598.0
2018-09-11,11291,,10668.0
2018-09-12,11241,,10720.0
2018-09-13,11365,,10710.0
2018-09-14,11489,,10834.0
2018-09-18,11697,,10751.0
2018-09-19,11868,,10855.0
2018-09-20,11881,,10876.0
2018-09-21,11989,,10984.0
2018-09-25,12112,,10981.0
2018-09-26,12203,,10959.0
2018-09-27,12059,,10919.0
2018-09-28,12173,,11016.0
2018-10-01,12178,,11051.0
2018-10-02,12219,,11097.0
2018-10-03,12077,,11056.0
2018-10-04,12066,,11143.0
2018-10-05,12009,,11026.0
2018-10-09,11798,,10849.0
2018-10-10,11816,,10845.0
2018-10-11,11400,,10420.0
2018-10-12,11404,,10195.0
2018-10-15,11223,,10324.0
2018-10-16,11306,,10250.0
2018-10-17,11481,,10520.0
2018-10-18,11418,,10545.0
2018-10-19,11340,,10362.0
2018-10-22,11357,,10369.0
2018-10-23,11057,,10351.0
2018-10-24,11066,,10267.0
2018-10-25,10725,,9911.0
2018-10-26,10692,,10133.0
2018-10-29,10648,,9916.0
2018-10-30,10796,,9898.0
2018-10-31,11028,,10121.0
2018-11-01,10932,,10188.0
2018-11-02,11113,,10303.0
2018-11-05,10989,,10272.0
2018-11-06,11118,,10330.0
2018-11-07,11071,,10387.0
2018-11-08,11264,,10652.0
2018-11-09,11208,,10667.0
2018-11-12,11201,,10561.0
2018-11-13,10976,,10328.0
2018-11-14,10996,,10339.0
2018-11-15,10980,,10238.0
2018-11-16,10916,,10349.0
2018-11-19,10971,,10288.0
2018-11-20,10892,,10112.0
2018-11-21,10827,,9949.0
2018-11-22,10915,,9996.0
2018-11-26,10936,,9927.0
2018-11-27,11017,,10124.0
2018-11-28,11081,,10182.0
2018-11-29,11119,,10402.0
2018-11-30,11173,,10368.0
2018-12-03,11318,,10468.0
2018-12-04,11050,,10580.0
2018-12-05,10992,,10173.0
2018-12-06,10791,,10178.0
2018-12-07,10857,,10151.0
2018-12-10,10652,,9893.0
2018-12-11,10555,,9964.0
2018-12-12,10765,,9998.0
2018-12-13,10832,,10041.0
2018-12-14,10667,,10057.0
2018-12-17,10681,,9854.0
2018-12-18,10469,,9593.0
2018-12-19,10425,,9566.0
2018-12-20,10163,,9429.0
2018-12-21,9969,,9183.0
2018-12-25,9482,,8645.0
2018-12-26,9606,,8693.0
2018-12-27,10076,,9162.0
2018-12-28,10026,,9231.0
2019-01-04,9872,,8809.0
2019-01-07,10150,,9184.0
2019-01-08,10190,,9272.0
2019-01-09,10301,,9354.0
2019-01-10,10213,,9350.0
2019-01-11,10265,,9416.0
2019-01-15,10352,,9360.0
2019-01-16,10319,,9463.0
2019-01-17,10354,,9531.0
2019-01-18,10452,,9641.0
2019-01-21,10510,,9794.0
2019-01-22,10443,,9796.0
2019-01-23,10380,,9640.0
2019-01-24,10418,,9665.0
2019-01-25,10508,,9698.0
2019-01-28,10437,,9744.0
2019-01-29,10449,,9653.0
2019-01-30,10406,,9660.0
2019-01-31,10518,,9770.0
2019-02-01,10499,,9854.0
2019-02-04,10611,,9917.0
2019-02-05,10621,,10029.0
2019-02-06,10616,,10059.0
2019-02-07,10528,,10047.0
2019-02-08,10329,,9945.0
2019-02-12,10552,,10026.0
2019-02-13,10664,,10156.0
2019-02-14,10667,,10227.0
2019-02-15,10583,,10153.0
2019-02-18,10750,,10274.0
2019-02-19,10780,,10273.0
2019-02-20,10826,,10309.0
2019-02-21,10826,,10325.0
2019-02-22,10799,,10296.0
2019-02-25,10876,,10363.0
2019-02-26,10855,,10398.0
2019-02-27,10876,,10350.0
2019-02-28,10790,,10372.0
2019-03-01,10844,,10408.0
2019-03-04,10924,,10526.0
2019-03-05,10868,,10474.0
2019-03-06,10841,,10447.0
2019-03-07,10749,,10373.0
2019-03-08,10553,,10282.0
2019-03-11,10614,,10203.0
2019-03-12,10775,,10401.0
2019-03-13,10685,,10415.0
2019-03-14,10660,,10488.0
2019-03-15,10756,,10543.0
2019-03-18,10830,,10562.0
2019-03-19,10807,,10578.0
2019-03-20,10835,,10608.0
2019-03-22,10852,,10604.0
2019-03-25,10586,,10326.0
2019-03-26,10857,,10346.0
2019-03-27,10918,,10450.0
2019-03-28,10738,,10386.0
2019-03-29,10797,,10484.0
2019-04-01,10960,,10565.0
2019-04-02,10932,,10721.0
2019-04-03,11001,,10728.0
2019-04-04,10989,,10754.0
2019-04-05,11028,,10804.0
2019-04-08,10990,,10818.0
2019-04-09,10980,,10827.0
2019-04-10,10905,,10743.0
2019-04-11,10897,,10773.0
2019-04-12,10890,,10840.0
2019-04-15,11042,,10934.0
2019-04-16,11032,,10925.0
2019-04-17,11061,,10944.0
2019-04-18,10955,,10910.0
2019-04-19,10967,,10925.0
2019-04-22,10979,,10923.0
2019-04-23,11008,,10922.0
2019-04-24,10934,,11027.0
2019-04-25,10992,,11035.0
2019-04-26,10975,,10989.0
2019-05-07,10853,,10900.0
2019-05-08,10666,,10675.0
2019-05-09,10520,,10640.0
2019-05-10,10511,,10595.0
2019-05-13,10456,,10626.0
2019-05-14,10414,,10340.0
2019-05-15,10477,,10443.0
2019-05-16,10433,,10495.0
2019-05-17,10547,,10638.0
2019-05-20,10550,,10593.0
2019-05-21,10519,,10522.0
2019-05-22,10491,,10646.0
2019-05-23,10453,,10591.0
2019-05-24,10458,,10416.0
2019-05-27,10497,,10408.0
2019-05-28,10524,,10415.0
2019-05-29,10425,,10300.0
2019-05-30,10395,,10260.0
2019-05-31,10261,,10259.0
2019-06-03,10170,,10031.0
2019-06-04,10171,,9966.0
2019-06-05,10381,,10198.0
2019-06-06,10346,,10308.0
2019-06-07,10398,,10385.0
2019-06-10,10537,,10495.0
2019-06-11,10594,,10543.0
2019-06-12,10545,,10548.0
2019-06-13,10458,,10519.0
2019-06-14,10494,,10557.0
2019-06-17,10447,,10563.0
2019-06-18,10372,,10565.0
2019-06-19,10552,,10662.0
2019-06-20,10583,,10622.0
2019-06-21,10488,,10684.0
2019-06-24,10501,,10673.0
2019-06-25,10472,,10641.0
2019-06-26,10425,,10545.0
2019-06-27,10553,,10570.0
2019-06-28,10540,,10619.0
2019-07-01,10769,,10725.0
2019-07-02,10802,,10830.0
2019-07-03,10732,,10785.0
2019-07-04,10801,,10881.0
2019-07-05,10820,,10891.0
2019-07-08,10724,,10935.0
2019-07-09,10700,,10916.0
2019-07-10,10675,,10946.0
2019-07-11,10726,,10914.0
2019-07-12,10709,,10973.0
2019-07-16,10658,,10968.0
2019-07-17,10648,,10967.0
2019-07-18,10424,,10847.0
2019-07-19,10624,,10858.0
2019-07-22,10574,,10833.0
2019-07-23,10658,,10872.0
2019-07-24,10701,,10962.0
2019-07-25,10720,,11015.0
2019-07-26,10676,,11010.0
2019-07-29,10656,,11060.0
2019-07-30,10705,,11088.0
2019-07-31,10634,,11035.0
2019-08-01,10649,,10978.0
2019-08-02,10418,,10671.0
2019-08-05,10231,,10514.0
2019-08-06,10186,,10152.0
2019-08-07,10191,,10316.0
2019-08-08,10182,,10319.0
2019-08-09,10217,,10506.0
2019-08-13,10099,,10257.0
2019-08-14,10187,,10503.0
2019-08-15,10082,,10166.0
2019-08-16,10091,,10203.0
2019-08-19,10153,,10377.0
2019-08-20,10237,,10526.0
2019-08-21,10174,,10415.0
2019-08-22,10178,,10528.0
2019-08-23,10206,,10525.0
2019-08-26,10042,,10102.0
2019-08-27,10120,,10286.0
2019-08-28,10125,,10243.0
2019-08-29,10127,,10340.0
2019-08-30,10274,,10515.0
2019-09-02,10229,,10491.0
2019-09-03,10267,,10510.0
2019-09-04,10240,,10399.0
2019-09-05,10427,,10561.0
2019-09-06,10445,,10765.0
2019-09-09,10541,,10764.0
2019-09-10,10587,,10814.0
2019-09-11,10762,,10838.0
2019-09-12,10839,,10960.0
2019-09-13,10940,,11010.0
2019-09-17,10971,,10965.0
2019-09-18,10918,,10994.0
2019-09-19,10979,,11020.0
2019-09-20,10983,,10983.0
2019-09-24,11028,,10891.0
2019-09-25,11008,,10743.0
2019-09-26,11030,,10871.0
2019-09-27,11005,,10856.0
2019-09-30,10893,,10808.0
2019-10-01,10998,,10890.0
2019-10-02,10950,,10709.0
2019-10-03,10761,,10456.0
2019-10-04,10789,,10520.0
2019-10-07,10789,,10657.0
2019-10-08,10884,,10674.0
2019-10-09,10850,,10482.0
2019-10-10,10849,,10605.0
2019-10-11,10943,,10749.0
2019-10-15,11114,,10880.0
2019-10-16,11191,,11021.0
2019-10-17,11141,,11000.0
2019-10-18,11126,,11028.0
2019-10-21,11171,,10966.0
2019-10-23,11236,,10991.0
2019-10-24,11276,,11050.0
2019-10-25,11307,,11076.0
2019-10-28,11307,,11128.0
2019-10-29,11405,,11210.0
2019-10-30,11428,,11188.0
2019-10-31,11436,,11227.0
2019-11-01,11432,,11106.0
2019-11-05,11623,,11334.0
2019-11-06,11624,,11351.0
2019-11-07,11650,,11344.0
2019-11-08,11681,,11427.0
2019-11-11,11689,,11434.0
2019-11-12,11728,,11413.0
2019-11-13,11663,,11406.0
2019-11-14,11554,,11402.0
2019-11-15,11638,,11394.0
2019-11-18,11666,,11504.0
2019-11-19,11639,,11481.0
2019-11-20,11601,,11481.0
2019-11-21,11589,,11420.0
2019-11-22,11602,,11431.0
2019-11-25,11682,,11469.0
2019-11-26,11701,,11582.0
2019-11-27,11737,,11617.0
2019-11-28,11718,,11693.0
2019-11-29,11658,,11711.0
2019-12-02,11762,,11680.0
2019-12-03,11708,,11524.0
2019-12-04,11684,,11386.0
2019-12-05,11740,,11494.0
2019-12-06,11754,,11504.0
2019-12-09,11813,,11587.0
2019-12-10,11804,,11558.0
2019-12-11,11764,,11558.0
2019-12-12,11749,,11565.0
2019-12-13,11937,,11776.0
2019-12-16,11915,,11765.0
2019-12-17,11986,,11863.0
2019-12-18,11925,,11865.0
2019-12-19,11910,,11881.0
2019-12-20,11888,,11902.0
2019-12-23,11863,,11961.0
2019-12-24,11855,,11976.0
2019-12-25,11808,,11961.0
2019-12-26,11875,,11986.0
2019-12-27,11907,,12060.0
2019-12-30,11825,,12047.0
2020-01-06,11660,,11873.0
2020-01-07,11849,,11951.0
2020-01-08,11687,,11851.0
2020-01-09,11878,,12066.0
2020-01-10,11918,,12185.0
2020-01-14,11956,,12300.0
2020-01-15,11891,,12260.0
2020-01-16,11875,,12283.0
2020-01-17,11921,,12428.0
2020-01-20,11982,,12460.0
2020-01-21,11918,,12465.0
2020-01-22,11981,,12395.0
2020-01-23,11886,,12378.0
2020-01-24,11886,,12378.0
2020-01-27,11695,,12208.0
2020-01-28,11624,,11994.0
2020-01-29,11677,,12139.0
2020-01-30,11504,,12121.0
2020-01-31,11570,,12168.0
2020-02-03,11490,,11892.0
2020-02-04,11569,,11988.0
2020-02-05,11691,,12263.0
2020-02-06,11932,,12446.0
2020-02-07,11898,,12496.0
2020-02-10,11812,,12402.0
2020-02-12,11807,,12536.0
2020-02-13,11767,,12625.0
2020-02-14,11697,,12606.0
2020-02-17,11593,,12620.0
2020-02-18,11441,,12627.0
2020-02-19,11484,,12600.0
2020-02-20,11502,,12815.0
2020-02-21,11498,,12861.0
2020-02-25,11116,,12171.0
2020-02-26,11032,,11740.0
2020-02-27,10774,,11695.0
2020-02-28,10381,,11089.0
2020-03-02,10484,,10825.0
2020-03-03,10341,,11380.0
2020-03-04,10324,,10973.0
2020-03-05,10416,,11452.0
2020-03-06,10112,,10936.0
2020-03-09,9544,,10319.0
2020-03-10,9667,,9657.0
2020-03-11,9519,,10287.0
2020-03-12,9122,,9762.0
2020-03-13,8661,,8885.0
2020-03-16,8496,,9869.0
2020-03-17,8710,,8671.0
2020-03-18,8735,,9242.0
2020-03-19,8828,,8904.0
2020-03-23,8883,,8700.0
2020-03-24,9175,,8432.0
2020-03-25,9793,,9267.0
2020-03-26,9618,,9342.0
2020-03-27,10033,,9759.0
2020-03-30,9983,,9321.0
2020-03-31,9760,,9738.0
2020-04-01,9395,,9474.0
2020-04-02,9250,,9048.0
2020-04-03,9217,,9310.0
2020-04-06,9574,,9243.0
2020-04-07,9765,,9902.0
2020-04-08,9911,,9848.0
2020-04-09,9859,,10223.0
2020-04-10,9946,,10329.0
2020-04-13,9781,,10293.0
2020-04-14,9972,,10134.0
2020-04-15,9977,,10401.0
2020-04-16,9893,,10221.0
2020-04-17,10032,,10303.0
2020-04-20,9964,,10575.0
2020-04-21,9849,,10376.0
2020-04-22,9786,,10065.0
2020-04-23,9920,,10292.0
2020-04-24,9886,,10277.0
2020-04-27,10067,,10409.0
2020-04-28,10082,,10532.0
2020-04-30,10182,,10714.0
2020-05-01,9954,,10655.0
2020-05-07,9923,,10324.0
2020-05-08,10143,,10456.0
2020-05-11,10298,,10693.0
2020-05-12,10269,,10751.0
2020-05-13,10257,,10494.0
2020-05-14,10058,,10288.0
2020-05-15,10111,,10461.0
2020-05-18,10150,,10477.0
2020-05-19,10335,,10826.0
2020-05-20,10393,,10776.0
2020-05-21,10371,,10934.0
2020-05-22,10277,,10848.0
2020-05-25,10447,,10867.0
2020-05-26,10673,,10879.0
2020-05-27,10775,,10987.0
2020-05-28,10971,,11191.0
2020-05-29,10874,,11130.0
2020-06-01,10910,,11205.0
2020-06-02,11041,,11231.0
2020-06-03,11121,,11443.0
2020-06-04,11154,,11617.0
2020-06-05,11214,,11603.0
2020-06-08,11340,,11948.0
2020-06-09,11324,,11938.0
2020-06-10,11298,,11814.0
2020-06-11,11049,,11666.0
2020-06-12,10921,,10949.0
2020-06-15,10644,,11151.0
2020-06-16,11080,,11252.0
2020-06-17,11037,,11469.0
2020-06-18,11008,,11367.0
2020-06-19,11007,,11391.0
2020-06-22,10980,,11306.0
2020-06-23,11037,,11404.0
2020-06-24,10990,,11406.0
2020-06-25,10860,,11169.0
2020-06-26,10968,,11296.0
2020-06-29,10788,,11037.0
2020-06-30,10854,,11252.0
2020-07-01,10714,,11465.0
2020-07-02,10743,,11456.0
2020-07-03,10809,,11516.0
2020-07-06,10982,,11528.0
2020-07-07,10944,,11672.0
2020-07-08,10843,,11588.0
2020-07-09,10843,,11637.0
2020-07-10,10690,,11555.0
2020-07-13,10953,,11645.0
2020-07-14,10898,,11582.0
2020-07-15,11068,,11740.0
2020-07-16,10995,,11813.0
2020-07-17,10959,,11803.0
2020-07-20,10981,,11865.0
2020-07-21,11021,,11936.0
2020-07-22,10952,,11916.0
2020-07-27,10978,,11646.0
2020-07-28,10925,,11680.0
2020-07-29,10784,,11582.0
2020-07-30,10718,,11721.0
2020-07-31,10416,,11626.0
2020-08-03,10601,,11886.0
2020-08-04,10828,,11971.0
2020-08-05,10825,,11956.0
2020-08-06,10790,,12020.0
2020-08-07,10768,,12108.0
2020-08-11,11040,,12218.0
2020-08-12,11177,,12166.0
2020-08-13,11306,,12354.0
2020-08-14,11301,,12363.0
2020-08-17,11206,,12311.0
2020-08-18,11213,,12261.0
2020-08-19,11234,,12218.0
2020-08-20,11133,,12270.0
2020-08-21,11166,,12263.0
2020-08-24,11187,,12318.0
2020-08-25,11314,,12468.0
2020-08-26,11308,,12566.0
2020-08-27,11248,,12631.0
2020-08-28,11174,,12740.0
2020-08-31,11267,,12669.0
2020-09-01,11250,,12707.0
2020-09-02,11303,,12819.0
2020-09-03,11358,,13043.0
2020-09-04,11255,,12579.0
2020-09-07,11207,,12498.0
2020-09-08,11285,,12492.0
2020-09-09,11177,,12111.0
2020-09-10,11313,,12382.0
2020-09-11,11395,,12158.0
2020-09-14,11495,,12166.0
2020-09-15,11424,,12274.0
2020-09-16,11449,,12297.0
2020-09-17,11407,,12205.0
2020-09-18,11463,,12076.0
2020-09-23,11448,,11960.0
2020-09-24,11324,,11713.0
2020-09-25,11378,,11761.0
2020-09-28,11570,,11927.0
2020-09-29,11639,,12117.0
2020-09-30,11411,,12113.0
2020-10-01,11411,,12182.0
2020-10-02,11295,,12249.0
2020-10-05,11492,,12135.0
2020-10-06,11552,,12361.0
2020-10-07,11557,,12192.0
2020-10-08,11620,,12449.0
2020-10-09,11563,,12542.0
2020-10-12,11535,,12615.0
2020-10-13,11575,,12787.0
2020-10-14,11539,,12713.0
2020-10-15,11454,,12610.0
2020-10-16,11355,,12602.0
2020-10-19,11497,,12608.0
2020-10-20,11411,,12427.0
2020-10-21,11495,,12463.0
2020-10-22,11370,,12346.0
2020-10-23,11408,,12419.0
2020-10-26,11364,,12459.0
2020-10-27,11353,,12242.0
2020-10-28,11318,,12163.0
2020-10-29,11308,,11728.0
2020-10-30,11086,,11892.0
2020-11-02,11287,,11767.0
2020-11-04,11423,,12099.0
2020-11-05,11581,,12336.0
2020-11-06,11643,,12507.0
2020-11-09,11808,,12462.0
2020-11-10,11941,,12835.0
2020-11-11,12140,,12812.0
2020-11-12,12118,,12943.0
2020-11-13,11958,,12764.0
2020-11-16,12159,,12902.0
2020-11-17,12178,,13025.0
2020-11-18,12079,,12916.0
2020-11-19,12119,,12742.0
2020-11-20,12128,,12794.0
2020-11-24,12374,,12866.0
2020-11-25,12411,,13063.0
2020-11-26,12485,,13023.0
2020-11-27,12542,,13000.0
2020-11-30,12321,,13000.0
2020-12-01,12415,,12989.0
2020-12-02,12455,,13145.0
2020-12-03,12464,,13188.0
2020-12-04,12468,,13098.0
2020-12-07,12362,,13246.0
2020-12-08,12348,,13222.0
2020-12-09,12493,,13268.0
2020-12-10,12470,,13178.0
2020-12-11,12510,,13128.0
2020-12-14,12570,,13115.0
2020-12-15,12511,,13070.0
2020-12-16,12544,,13189.0
2020-12-17,12585,,13176.0
2020-12-18,12590,,13228.0
2020-12-21,12559,,13210.0
2020-12-22,12364,,13151.0
2020-12-23,12392,,13164.0
2020-12-24,12456,,13172.0
2020-12-25,12485,,13200.0
2020-12-28,12552,,13218.0
2020-12-29,12786,,13359.0
2020-12-30,12685,,13288.0
2021-01-04,12614,,13339.0
2021-01-05,12589,,13152.0
2021-01-06,12625,,13186.0
2021-01-07,12836,,13301.0
2021-01-08,13038,,13613.0
2021-01-12,13059,,13650.0
2021-01-13,13104,,13583.0
2021-01-14,13166,,13650.0
2021-01-15,13048,,13586.0
2021-01-18,12970,,13486.0
2021-01-19,13044,,13475.0
2021-01-20,13000,,13609.0
2021-01-21,13077,,13756.0
2021-01-22,13049,,13751.0
2021-01-25,13087,,13751.0
2021-01-26,12988,,13792.0
2021-01-27,13073,,13759.0
2021-01-28,12924,,13482.0
2021-01-29,12713,10000.0,13641.0
2021-02-01,12861,9998.0,13407.0
2021-02-02,12982,10261.0,13648.0
2021-02-03,13151,10431.0,13854.0
2021-02-04,13109,10389.0,13870.0
2021-02-05,13291,10563.0,14090.0
2021-02-08,13523,10597.0,14146.0
2021-02-09,13534,10631.0,14202.0
2021-02-10,13571,10569.0,14113.0
2021-02-12,13592,10618.0,14151.0
2021-02-15,13733,10712.0,14269.0
2021-02-16,13812,10750.0,14319.0
2021-02-17,13786,10792.0,14405.0
2021-02-18,13649,10693.0,14344.0
2021-02-19,13557,10643.0,14278.0
2021-02-22,13623,10577.0,14223.0
2021-02-24,13376,10269.0,14119.0
2021-02-25,13542,10416.0,14368.0
2021-02-26,13108,10064.0,14043.0
2021-03-01,13374,10150.0,14010.0
2021-03-02,13321,10478.0,14394.0
2021-03-03,13389,10293.0,14266.0
2021-03-04,13250,10018.0,14108.0
2021-03-05,13329,9929.0,14039.0
2021-03-08,13312,10136.0,14375.0
2021-03-09,13480,9909.0,14399.0
2021-03-10,13495,10255.0,14529.0
2021-03-11,13531,10216.0,14610.0
2021-03-12,13715,10465.0,14775.0
2021-03-15,13839,10417.0,14855.0
2021-03-16,13929,10552.0,14978.0
2021-03-17,13947,10598.0,14939.0
2021-03-18,14120,10621.0,14959.0
2021-03-19,14145,10302.0,14757.0
2021-03-22,13990,10346.0,14722.0
2021-03-23,13860,10517.0,14819.0
2021-03-24,13557,10441.0,14677.0
2021-03-25,13747,10288.0,14630.0
2021-03-26,13948,10314.0,14765.0
2021-03-29,14010,10503.0,15054.0
2021-03-30,14022,10514.0,15072.0
2021-03-31,13853,10539.0,15142.0
2021-04-01,13880,10712.0,15217.0
2021-04-02,13979,10887.0,15371.0
2021-04-05,14062,10885.0,15368.0
2021-04-06,13856,11071.0,15542.0
2021-04-07,13948,11009.0,15461.0
2021-04-08,13839,11041.0,15486.0
2021-04-09,13892,11102.0,15481.0
2021-04-12,13858,11216.0,15663.0
2021-04-13,13886,11178.0,15636.0
2021-04-14,13840,11238.0,15583.0
2021-04-15,13889,11098.0,15529.0
2021-04-16,13902,11255.0,15675.0
2021-04-19,13872,11262.0,15722.0
2021-04-20,13657,11107.0,15573.0
2021-04-21,13387,11016.0,15449.0
2021-04-22,13630,11113.0,15589.0
2021-04-23,13576,10964.0,15431.0
2021-04-26,13599,11101.0,15592.0
2021-04-27,13496,11196.0,15659.0
2021-04-28,13535,11223.0,15767.0
2021-04-30,13461,11230.0,15861.0
2021-05-06,13667,10896.0,15754.0
2021-05-07,13709,10968.0,15859.0
2021-05-10,13846,11016.0,15922.0
2021-05-11,13518,10749.0,15789.0
2021-05-12,13320,10722.0,15625.0
2021-05-13,13117,10522.0,15408.0
2021-05-14,13361,10608.0,15598.0
2021-05-17,13330,10821.0,15805.0
2021-05-18,13535,10734.0,15732.0
2021-05-19,13446,10636.0,15569.0
2021-05-20,13451,10679.0,15560.0
2021-05-21,13514,10850.0,15675.0
2021-05-24,13573,10791.0,15675.0
2021-05-25,13619,10962.0,15813.0
2021-05-26,13627,10965.0,15765.0
2021-05-27,13558,11043.0,15854.0
2021-05-28,13817,11090.0,15992.0
2021-05-31,13644,11090.0,15975.0
2021-06-01,13665,11055.0,15924.0
2021-06-02,13781,11053.0,15951.0
2021-06-03,13896,11065.0,15967.0
2021-06-04,13899,11017.0,16011.0
2021-06-07,13912,11140.0,16049.0
2021-06-08,13925,11153.0,16018.0
2021-06-09,13885,11160.0,16023.0
2021-06-10,13882,11183.0,16022.0
2021-06-11,13863,11281.0,16069.0
2021-06-14,13904,11347.0,16152.0
2021-06-15,14015,11485.0,16230.0
2021-06-16,14017,11410.0,16204.0
2021-06-17,13930,11437.0,16209.0
2021-06-18,13809,11536.0,16135.0
2021-06-21,13476,11434.0,15912.0
2021-06-22,13901,11510.0,16140.0
2021-06-23,13827,11666.0,16291.0
2021-06-24,13812,11703.0,16320.0
2021-06-25,13924,11770.0,16406.0
2021-06-28,13945,11722.0,16416.0
2021-06-29,13845,11849.0,16429.0
2021-06-30,13803,11895.0,16444.0
2021-07-01,13772,11935.0,16540.0
2021-07-02,13894,12001.0,16714.0
2021-07-05,13842,12085.0,16766.0
2021-07-06,13880,12054.0,16722.0
2021-07-07,13761,12058.0,16627.0
2021-07-08,13638,12089.0,16701.0
2021-07-09,13583,11946.0,16462.0
2021-07-12,13872,12057.0,16686.0
2021-07-13,13973,12124.0,16778.0
2021-07-14,13941,12150.0,16760.0
2021-07-15,13774,12090.0,16669.0
2021-07-16,13721,12002.0,16612.0
2021-07-19,13543,11907.0,16482.0
2021-07-20,13414,11766.0,16175.0
2021-07-21,13524,11956.0,16482.0
2021-07-26,13674,12329.0,16908.0
2021-07-27,13762,12308.0,16903.0
2021-07-28,13631,12128.0,16764.0
2021-07-29,13688,12163.0,16741.0
2021-07-30,13501,12161.0,16777.0
2021-08-02,13777,12107.0,16712.0
2021-08-03,13713,12074.0,16632.0
2021-08-04,13645,12123.0,16728.0
2021-08-05,13698,12207.0,16741.0
2021-08-06,13701,12313.0,16878.0
2021-08-10,13750,12328.0,16966.0
2021-08-11,13877,12299.0,17033.0
2021-08-12,13874,12243.0,17026.0
2021-08-13,13893,12304.0,17095.0
2021-08-16,13670,12236.0,16975.0
2021-08-17,13604,12209.0,16977.0
2021-08-18,13663,12133.0,16907.0
2021-08-19,13473,12066.0,16795.0
2021-08-20,13356,12117.0,16802.0
2021-08-23,13600,12240.0,16933.0
2021-08-24,13736,12410.0,17067.0
2021-08-25,13746,12457.0,17106.0
2021-08-26,13744,12489.0,17177.0
2021-08-27,13697,12408.0,17067.0
2021-08-30,13851,12504.0,17177.0
2021-08-31,13927,12661.0,17277.0
2021-09-01,14070,12677.0,17301.0
2021-09-02,14089,12679.0,17277.0
2021-09-03,14315,12667.0,17319.0
2021-09-06,14498,12693.0,17297.0
2021-09-07,14655,12687.0,17289.0
2021-09-08,14771,12763.0,17307.0
2021-09-09,14666,12713.0,17278.0
2021-09-10,14855,12613.0,17130.0
2021-09-13,14899,12537.0,17029.0
2021-09-14,15048,12540.0,17079.0
2021-09-15,14889,12454.0,16923.0
2021-09-16,14846,12524.0,17029.0
2021-09-17,14917,12580.0,17065.0
2021-09-21,14664,12144.0,16585.0
2021-09-22,14515,12119.0,16519.0
2021-09-24,14850,12486.0,17063.0
2021-09-27,14828,12534.0,17141.0
2021-09-28,14785,12465.0,17138.0
2021-09-29,14590,12175.0,16882.0
2021-09-30,14531,12190.0,16951.0
2021-10-01,14217,12085.0,16677.0
2021-10-04,14127,12121.0,16802.0
2021-10-05,13941,11852.0,16572.0
2021-10-06,13899,12095.0,16857.0
2021-10-07,13885,12147.0,16891.0
2021-10-08,14043,12289.0,17085.0
2021-10-11,14290,12289.0,17140.0
2021-10-12,14190,12330.0,17204.0
2021-10-13,14127,12286.0,17161.0
2021-10-14,14221,12369.0,17198.0
2021-10-15,14487,12656.0,17570.0
2021-10-18,14451,12778.0,17760.0
2021-10-19,14504,12900.0,17808.0
2021-10-20,14512,13046.0,18016.0
2021-10-21,14320,12982.0,18019.0
2021-10-22,14331,13039.0,18035.0
2021-10-25,14281,12890.0,17966.0
2021-10-26,14446,13036.0,18069.0
2021-10-27,14412,13107.0,18148.0
2021-10-28,14312,13111.0,18017.0
2021-10-29,14323,13239.0,18163.0
2021-11-01,14635,13349.0,18267.0
2021-11-02,14541,13397.0,18303.0
2021-11-04,14714,13602.0,18494.0
2021-11-05,14614,13729.0,18515.0
2021-11-08,14570,13723.0,18559.0
2021-11-09,14453,13660.0,18518.0
2021-11-10,14375,13514.0,18388.0
2021-11-11,14421,13450.0,18418.0
2021-11-12,14609,13523.0,18475.0
2021-11-15,14666,13635.0,18569.0
2021-11-16,14682,13652.0,18604.0
2021-11-17,14593,13832.0,18785.0
2021-11-18,14573,13750.0,18626.0
2021-11-19,14637,13919.0,18720.0
2021-11-22,14625,13964.0,18652.0
2021-11-24,14455,13873.0,18806.0
2021-11-25,14502,13938.0,18869.0
2021-11-26,14211,13890.0,18804.0
2021-11-29,13950,13462.0,18192.0
2021-11-30,13804,13776.0,18432.0
2021-12-01,13867,13494.0,18005.0
2021-12-02,13792,13246.0,17749.0
2021-12-03,14017,13355.0,18022.0
2021-12-06,13942,13120.0,17867.0
2021-12-07,14245,13281.0,18144.0
2021-12-08,14334,13690.0,18531.0
2021-12-09,14252,13779.0,18629.0
2021-12-10,14142,13531.0,18441.0
2021-12-13,14161,13694.0,18632.0
2021-12-14,14130,13499.0,18482.0
2021-12-15,14204,13373.0,18366.0
2021-12-16,14411,13738.0,18733.0
2021-12-17,14206,13339.0,18515.0
2021-12-20,13897,13256.0,18285.0
2021-12-21,14101,13116.0,18085.0
2021-12-22,14113,13479.0,18490.0
2021-12-23,14241,13647.0,18688.0
2021-12-24,14222,13787.0,18849.0
2021-12-27,14159,13778.0,18836.0
2021-12-28,14353,14061.0,19185.0
2021-12-29,14328,13986.0,19156.0
2021-12-30,14280,14004.0,19204.0
2022-01-04,14551,14064.0,19291.0
2022-01-05,14616,13969.0,19408.0
2022-01-06,14313,13516.0,19007.0
2022-01-07,14303,13502.0,18978.0
2022-01-11,14240,13298.0,18773.0
2022-01-12,14474,13494.0,18944.0
2022-01-13,14375,13464.0,18885.0
2022-01-14,14175,13057.0,18530.0
2022-01-17,14239,13180.0,18583.0
2022-01-18,14180,13205.0,18618.0
2022-01-19,13760,12884.0,18302.0
2022-01-20,13894,12700.0,18060.0
2022-01-21,13812,12479.0,17789.0
2022-01-24,13831,12137.0,17456.0
2022-01-25,13592,12214.0,17527.0
2022-01-26,13559,11892.0,17288.0
2022-01-27,13205,11995.0,17383.0
2022-01-28,13452,11936.0,17415.0
2022-01-31,13589,12319.0,17837.0
2022-02-01,13590,12693.0,18130.0
2022-02-02,13880,12719.0,18183.0
2022-02-03,13760,12794.0,18315.0
2022-02-04,13837,12314.0,17955.0
2022-02-07,13804,12507.0,18089.0
2022-02-08,13862,12407.0,18028.0
2022-02-09,13992,12584.0,18220.0
2022-02-10,14067,12853.0,18495.0
2022-02-14,13838,12150.0,17790.0
2022-02-15,13724,12162.0,17721.0
2022-02-16,13953,12492.0,18046.0
2022-02-17,13842,12456.0,18030.0
2022-02-18,13793,12033.0,17569.0
2022-02-21,13695,11906.0,17462.0
2022-02-22,13483,11878.0,17421.0
2022-02-24,13314,11471.0,16951.0
2022-02-25,13453,11930.0,17299.0
2022-02-28,13529,12111.0,17684.0
2022-03-01,13602,12124.0,17601.0
2022-03-02,13335,11899.0,17289.0
2022-03-03,13492,12166.0,17706.0
2022-03-04,13228,11967.0,17583.0
2022-03-07,12862,11758.0,17384.0
2022-03-08,12617,11363.0,16940.0
2022-03-09,12610,11358.0,16876.0
2022-03-10,13121,11776.0,17330.0
2022-03-11,12902,11679.0,17304.0
2022-03-14,12993,11557.0,17269.0
2022-03-15,13096,11398.0,17238.0
2022-03-16,13287,11772.0,17629.0
2022-03-17,13616,12269.0,18114.0
2022-03-18,13690,12379.0,18292.0
2022-03-22,13865,12750.0,18708.0
2022-03-23,14187,13117.0,19097.0
2022-03-24,14207,12922.0,18849.0
2022-03-25,14206,13315.0,19279.0
2022-03-28,14147,13323.0,19404.0
2022-03-29,14278,13752.0,19859.0
2022-03-30,14262,13787.0,19821.0
2022-03-31,14109,13626.0,19683.0
2022-04-01,14092,13395.0,19347.0
2022-04-04,14161,13439.0,19447.0
2022-04-05,14128,13724.0,19627.0
2022-04-06,13938,13566.0,19616.0
2022-04-07,13720,13247.0,19367.0
2022-04-08,13749,13290.0,19472.0
2022-04-11,13696,13191.0,19552.0
2022-04-12,13508,12977.0,19366.0
2022-04-13,13700,12937.0,19309.0
2022-04-14,13830,13190.0,19522.0
2022-04-15,13744,12970.0,19406.0
2022-04-18,13626,13001.0,19454.0
2022-04-19,13741,13087.0,19554.0
2022-04-20,13880,13587.0,20191.0
2022-04-21,13974,13265.0,19999.0
2022-04-22,13808,13038.0,19762.0
2022-04-25,13600,12709.0,19239.0
2022-04-26,13615,12755.0,19167.0
2022-04-27,13487,12268.0,18636.0
2022-04-28,13769,12377.0,18851.0
2022-05-02,13761,12352.0,18798.0
2022-05-06,13889,12391.0,18929.0
2022-05-09,13617,12266.0,18861.0
2022-05-10,13502,11710.0,18154.0
2022-05-11,13423,11889.0,18239.0
2022-05-12,13265,11476.0,17864.0
2022-05-13,13520,11378.0,17727.0
2022-05-16,13514,11868.0,18256.0
2022-05-17,13540,11699.0,18135.0
2022-05-18,13670,12008.0,18506.0
2022-05-19,13492,11324.0,17640.0
2022-05-20,13618,11223.0,17459.0
2022-05-23,13743,11179.0,17452.0
2022-05-24,13624,11375.0,17790.0
2022-05-25,13612,11048.0,17524.0
2022-05-26,13619,11257.0,17763.0
2022-05-27,13690,11527.0,18048.0
2022-05-30,13945,11907.0,18496.0
2022-05-31,13874,12018.0,18669.0
2022-06-01,14063,12048.0,18658.0
2022-06-02,13974,12063.0,18682.0
2022-06-03,14022,12374.0,18995.0
2022-06-06,14065,12136.0,18831.0
2022-06-07,14123,12316.0,19092.0
2022-06-08,14289,12479.0,19358.0
2022-06-09,14283,12539.0,19387.0
2022-06-10,14094,12174.0,18895.0
2022-06-13,13788,11808.0,18452.0
2022-06-14,13625,11192.0,17623.0
2022-06-15,13462,11290.0,17677.0
2022-06-16,13547,11512.0,17842.0
2022-06-17,13315,10960.0,17125.0
2022-06-20,13193,11264.0,17423.0
2022-06-21,13463,11261.0,17417.0
2022-06-22,13438,11652.0,18014.0
2022-06-23,13431,11608.0,17952.0
2022-06-24,13540,11694.0,17994.0
2022-06-27,13689,12047.0,18460.0
2022-06-28,13835,12027.0,18524.0
2022-06-29,13751,11713.0,18240.0
2022-06-30,13588,11780.0,18301.0
2022-07-01,13399,11565.0,18052.0
2022-07-04,13579,11561.0,18107.0
2022-07-05,13647,11660.0,18263.0
2022-07-06,13479,11819.0,18234.0
2022-07-07,13671,11908.0,18325.0
2022-07-08,13710,12181.0,18625.0
2022-07-11,13905,12235.0,18667.0
2022-07-12,13677,12035.0,18556.0
2022-07-13,13717,11898.0,18356.0
2022-07-14,13749,11967.0,18404.0
2022-07-15,13744,12089.0,18476.0
2022-07-19,13818,12140.0,18580.0
2022-07-20,14136,12512.0,19083.0
2022-07-21,14166,12737.0,19243.0
2022-07-22,14205,12812.0,19270.0
2022-07-25,14112,12521.0,18992.0
2022-07-26,14112,12437.0,18994.0
2022-07-27,14131,12241.0,18850.0
2022-07-28,14154,12696.0,19242.0
2022-07-29,14092,12655.0,19236.0
2022-08-01,14235,12721.0,19265.0
2022-08-02,13985,12521.0,18917.0
2022-08-03,14022,12755.0,19202.0
2022-08-04,14023,13094.0,19491.0
2022-08-05,14141,13090.0,19384.0
2022-08-08,14172,13216.0,19692.0
2022-08-09,14068,13123.0,19603.0
2022-08-10,14043,13008.0,19572.0
2022-08-12,14330,13100.0,19690.0
2022-08-15,14415,13338.0,19985.0
2022-08-16,14394,13459.0,20097.0
2022-08-17,14576,13541.0,20306.0
2022-08-18,14456,13442.0,20252.0
2022-08-19,14485,13616.0,20512.0
2022-08-22,14471,13435.0,20376.0
2022-08-23,14317,13090.0,19961.0
2022-08-24,14286,13047.0,19862.0
2022-08-25,14355,13087.0,19927.0
2022-08-26,14376,13294.0,20175.0
2022-08-29,14119,12898.0,19722.0
2022-08-30,14298,12795.0,19623.0
2022-08-31,14260,12656.0,19417.0
2022-09-01,14059,12666.0,19394.0
2022-09-02,14020,12721.0,19533.0
2022-09-05,14010,12561.0,19360.0
2022-09-06,13994,12554.0,19349.0
2022-09-07,13915,12717.0,19663.0
2022-09-08,14219,13102.0,20214.0
2022-09-09,14277,13108.0,20255.0
2022-09-12,14383,13299.0,20424.0
2022-09-13,14429,13433.0,20600.0
2022-09-14,14145,12862.0,19979.0
2022-09-15,14167,12867.0,19892.0
2022-09-16,14081,12628.0,19637.0
2022-09-20,14144,12668.0,19653.0
2022-09-21,13952,12600.0,19493.0
2022-09-22,13918,12441.0,19264.0
2022-09-26,13541,12051.0,18710.0
2022-09-27,13604,12031.0,18580.0
2022-09-28,13474,12067.0,18570.0
2022-09-29,13716,12271.0,18885.0
2022-09-30,13475,11961.0,18548.0
2022-10-03,13561,11759.0,18280.0
2022-10-04,13995,12022.0,18731.0
2022-10-05,14040,12335.0,19202.0
2022-10-06,14110,12386.0,19259.0
2022-10-07,13995,12315.0,19100.0
2022-10-11,13734,11784.0,18535.0
2022-10-12,13717,11672.0,18468.0
2022-10-13,13611,11724.0,18501.0
2022-10-14,13931,12033.0,19046.0
2022-10-17,13794,11755.0,18746.0
2022-10-18,13955,12183.0,19277.0
2022-10-19,13981,12305.0,19542.0
2022-10-20,13911,12319.0,19511.0
2022-10-21,13813,12278.0,19393.0
2022-10-24,13850,12468.0,19691.0
2022-10-25,13997,12601.0,19926.0
2022-10-26,14078,12794.0,20140.0
2022-10-27,13985,12325.0,19702.0
2022-10-28,13936,12142.0,19661.0
2022-10-31,14161,12663.0,20365.0
2022-11-01,14229,12551.0,20283.0
2022-11-02,14242,12327.0,20044.0
2022-11-04,14058,11731.0,19433.0
2022-11-07,14197,11813.0,19529.0
2022-11-08,14369,11903.0,19651.0
2022-11-09,14309,11932.0,19660.0
2022-11-10,14215,11700.0,19335.0
2022-11-11,14518,12184.0,19775.0
2022-11-14,14364,12207.0,19638.0
2022-11-15,14419,12158.0,19580.0
2022-11-16,14412,12261.0,19633.0
2022-11-17,14434,12084.0,19468.0
2022-11-18,14439,12127.0,19519.0
2022-11-21,14480,12133.0,19622.0
2022-11-22,14642,12153.0,19790.0
2022-11-24,14819,12205.0,19775.0
2022-11-25,14813,12192.0,19753.0
2022-11-28,14712,12105.0,19747.0
2022-11-29,14629,11915.0,19415.0
2022-11-30,14575,11825.0,19380.0
2022-12-01,14582,12209.0,19728.0
2022-12-02,14343,12089.0,19500.0
2022-12-05,14299,11964.0,19353.0
2022-12-06,14315,11917.0,19264.0
2022-12-07,14301,11742.0,19093.0
2022-12-08,14251,11625.0,18955.0
2022-12-09,14399,11800.0,19153.0
2022-12-12,14367,11708.0,18986.0
2022-12-13,14429,11946.0,19409.0
2022-12-14,14514,11871.0,19219.0
2022-12-15,14488,11778.0,19104.0
2022-12-16,14315,11570.0,18938.0
2022-12-19,14206,11339.0,18522.0
2022-12-20,13987,11044.0,18129.0
2022-12-21,13897,10805.0,17777.0
2022-12-22,14006,11007.0,18113.0
2022-12-23,13930,10772.0,17915.0
2022-12-26,13964,10765.0,17961.0
2022-12-27,14020,10838.0,18084.0
2022-12-28,14011,10734.0,18107.0
2022-12-29,13933,10609.0,17919.0
2022-12-30,13908,10760.0,18035.0
2023-01-04,13733,10539.0,17690.0
2023-01-05,13739,10683.0,17981.0
2023-01-06,13790,10640.0,17987.0
2023-01-10,13827,10847.0,18127.0
2023-01-11,13977,10988.0,18330.0
2023-01-12,14029,11145.0,18508.0
2023-01-13,13991,10972.0,18192.0
2023-01-16,13867,10933.0,18072.0
2023-01-17,13990,10979.0,18149.0
2023-01-18,14224,11215.0,18477.0
2023-01-19,14083,10857.0,17835.0
2023-01-20,14165,10766.0,17731.0
2023-01-23,14301,11124.0,18149.0
2023-01-24,14504,11465.0,18524.0
2023-01-25,14561,11439.0,18508.0
2023-01-26,14544,11309.0,18344.0
2023-01-27,14575,11564.0,18593.0
2023-01-30,14574,11720.0,18714.0
2023-01-31,14521,11508.0,18524.0
2023-02-01,14499,11639.0,18714.0
2023-02-02,14447,11763.0,18706.0
2023-02-03,14484,12205.0,19018.0
2023-02-06,14550,12326.0,19357.0
2023-02-07,14581,12238.0,19266.0
2023-02-08,14585,12341.0,19271.0
2023-02-09,14592,12181.0,19161.0
2023-02-10,14607,12077.0,19004.0
2023-02-13,14538,12010.0,19059.0
2023-02-14,14652,12253.0,19359.0
2023-02-15,14613,12385.0,19424.0
2023-02-16,14711,12611.0,19682.0
2023-02-17,14644,12390.0,19448.0
2023-02-20,14701,12311.0,19404.0
2023-02-21,14684,12298.0,19386.0
2023-02-22,14520,12055.0,19079.0
2023-02-24,14617,12111.0,19051.0
2023-02-27,14653,12087.0,19143.0
2023-02-28,14657,12181.0,19213.0
2023-03-01,14690,12172.0,19167.0
2023-03-02,14666,12044.0,19042.0
2023-03-03,14850,12203.0,19265.0
2023-03-06,14974,12382.0,19467.0
2023-03-07,15036,12412.0,19511.0
2023-03-08,15082,12371.0,19385.0
2023-03-09,15228,12411.0,19378.0
2023-03-10,14937,12093.0,18872.0
2023-03-13,14712,11779.0,18372.0
2023-03-14,14319,11771.0,18190.0
2023-03-15,14412,12173.0,18689.0
2023-03-16,14243,12106.0,18378.0
2023-03-17,14408,12453.0,18735.0
2023-03-20,14185,12312.0,18409.0
2023-03-22,14433,12518.0,18797.0
2023-03-23,14391,12196.0,18262.0
2023-03-24,14377,12328.0,18280.0
2023-03-27,14425,12363.0,18382.0
2023-03-28,14461,12272.0,18413.0
2023-03-29,14672,12270.0,18472.0
2023-03-30,14755,12620.0,18916.0
2023-03-31,14905,12830.0,19167.0
2023-04-03,15011,13008.0,19388.0
2023-04-04,15048,12923.0,19383.0
2023-04-05,14759,12776.0,19120.0
2023-04-06,14591,12611.0,19021.0
2023-04-07,14622,12761.0,19178.0
2023-04-10,14704,12842.0,19300.0
2023-04-11,14819,12913.0,19445.0
2023-04-12,14930,12856.0,19487.0
2023-04-13,14938,12697.0,19340.0
2023-04-14,15018,12885.0,19494.0
